{
  "rows": 30,
  "cols": 30,
  "bounds": {
    "lat_min": 33.41819464,
    "lat_max": 35.55370336,
    "lon_min": -117.77293852,
    "lon_max": -114.52785748000001
  }
}