{
  "epochs": 6,
  "train_mse": [
    0.11797657279820038,
    0.007639011906499349,
    0.0074668747173356155,
    0.007320043984455643,
    0.007157771292551563,
    0.007039445783775398
  ],
  "eval_mse": [
    0.027587097805039384,
    0.027090052165734915,
    0.026104189731456614,
    0.02468508670543447,
    0.023451382685222743,
    0.02229456127517753
  ]
}